competition,round,day,home_team,visitor,score,home_team_result,time
Premier League,ROUND 38,"May 19, 2024",Chelsea,Bournemouth,2-1,W,16:00
Premier League,ROUND 38,"May 19, 2024",Crystal Palace,Aston Villa,5-0,W,16:00
Premier League,ROUND 38,"May 19, 2024",Arsenal,Everton,2-1,W,16:00
Premier League,ROUND 38,"May 19, 2024",Luton Town,Fulham,2-4,L,16:00
Premier League,ROUND 38,"May 19, 2024",Brighton & Hove,Man United,0-2,L,16:00
Premier League,ROUND 38,"May 19, 2024",Brentford,Newcastle United,2-4,L,16:00
Premier League,ROUND 38,"May 19, 2024",Burnley,Nottingham,1-2,L,16:00
Premier League,ROUND 38,"May 19, 2024",Sheffield United,Tottenham,0-3,L,16:00
Premier League,ROUND 38,"May 19, 2024",Manchester City,West Ham,3-1,W,16:00
Premier League,ROUND 38,"May 19, 2024",Liverpool,Wolverhampton,2-0,W,16:00
Premier League,ROUND 37,"May 11, 2024",Fulham,Manchester City,0-4,L,12:30
Premier League,ROUND 37,"May 11, 2024",Bournemouth,Brentford,1-2,L,15:00
Premier League,ROUND 37,"May 11, 2024",Newcastle United,Brighton & Hove,1-1,D,15:00
Premier League,ROUND 37,"May 11, 2024",Tottenham,Burnley,2-1,W,15:00
Premier League,ROUND 37,"May 11, 2024",Wolverhampton,Crystal Palace,1-3,L,15:00
Premier League,ROUND 37,"May 11, 2024",West Ham,Luton Town,3-1,W,15:00
Premier League,ROUND 37,"May 11, 2024",Everton,Sheffield United,1-0,W,15:00
Premier League,ROUND 37,"May 11, 2024",Nottingham,Chelsea,2-3,L,17:30
Premier League,ROUND 37,"May 11, 2024",Man United,Arsenal,0-1,L,16:30
Premier League,ROUND 37,"May 11, 2024",Aston Villa,Liverpool,3-3,D,20:00
Premier League,ROUND 36,"May 03, 2024",Luton Town,Everton,1-1,D,20:00
Premier League,ROUND 36,"May 03, 2024",Arsenal,Bournemouth,3-0,W,12:30
Premier League,ROUND 36,"May 03, 2024",Burnley,Newcastle United,1-4,L,15:00
Premier League,ROUND 36,"May 03, 2024",Brentford,Fulham,0-0,D,15:00
Premier League,ROUND 36,"May 03, 2024",Sheffield United,Nottingham,1-3,L,15:00
Premier League,ROUND 36,"May 03, 2024",Manchester City,Wolverhampton,5-1,W,17:30
Premier League,ROUND 36,"May 03, 2024",Brighton & Hove,Aston Villa,1-0,W,14:00
Premier League,ROUND 36,"May 03, 2024",Chelsea,West Ham,5-0,W,14:00
Premier League,ROUND 36,"May 03, 2024",Liverpool,Tottenham,4-2,W,16:30
Premier League,ROUND 36,"May 03, 2024",Crystal Palace,Man United,4-0,W,20:00
Premier League,ROUND 35,"April 27, 2024",West Ham,Liverpool,2-2,D,12:30
Premier League,ROUND 35,"April 27, 2024",Man United,Burnley,1-1,D,15:00
Premier League,ROUND 35,"April 27, 2024",Fulham,Crystal Palace,1-1,D,15:00
Premier League,ROUND 35,"April 27, 2024",Wolverhampton,Luton Town,2-1,W,15:00
Premier League,ROUND 35,"April 27, 2024",Newcastle United,Sheffield United,5-1,W,15:00
Premier League,ROUND 35,"April 27, 2024",Everton,Brentford,1-0,W,17:30
Premier League,ROUND 35,"April 27, 2024",Aston Villa,Chelsea,2-2,D,20:00
Premier League,ROUND 35,"April 27, 2024",Tottenham,Arsenal,2-3,L,14:00
Premier League,ROUND 35,"April 27, 2024",Bournemouth,Brighton & Hove,3-0,W,14:00
Premier League,ROUND 35,"April 27, 2024",Nottingham,Manchester City,0-2,L,16:30
Premier League,ROUND 34,"April 20, 2024",Luton Town,Brentford,1-5,L,15:00
Premier League,ROUND 34,"April 20, 2024",Sheffield United,Burnley,1-4,L,15:00
Premier League,ROUND 34,"April 20, 2024",Wolverhampton,Arsenal,0-2,L,19:30
Premier League,ROUND 34,"April 20, 2024",Everton,Nottingham,2-0,W,13:30
Premier League,ROUND 34,"April 20, 2024",Aston Villa,Bournemouth,3-1,W,15:00
Premier League,ROUND 34,"April 20, 2024",Crystal Palace,West Ham,5-2,W,15:00
Premier League,ROUND 34,"April 20, 2024",Fulham,Liverpool,1-3,L,16:30
Premier League,ROUND 34,"April 20, 2024",Tottenham,Manchester City,0-2,L,20:00
Premier League,ROUND 34,"April 20, 2024",Brighton & Hove,Chelsea,1-2,L,19:45
Premier League,ROUND 34,"April 20, 2024",Man United,Newcastle United,3-2,W,20:00
Premier League,ROUND 33,"April 13, 2024",Newcastle United,Tottenham,4-0,W,11:30
Premier League,ROUND 33,"April 13, 2024",Burnley,Brighton & Hove,1-1,D,14:00
Premier League,ROUND 33,"April 13, 2024",Manchester City,Luton Town,5-1,W,14:00
Premier League,ROUND 33,"April 13, 2024",Brentford,Sheffield United,2-0,W,14:00
Premier League,ROUND 33,"April 13, 2024",Nottingham,Wolverhampton,2-2,D,14:00
Premier League,ROUND 33,"April 13, 2024",Bournemouth,Man United,2-2,D,16:30
Premier League,ROUND 33,"April 13, 2024",Liverpool,Crystal Palace,0-1,L,14:00
Premier League,ROUND 33,"April 13, 2024",West Ham,Fulham,0-2,L,14:00
Premier League,ROUND 33,"April 13, 2024",Arsenal,Aston Villa,0-2,L,16:30
Premier League,ROUND 33,"April 13, 2024",Chelsea,Everton,6-0,W,20:00
Premier League,ROUND 32,"April 06, 2024",Crystal Palace,Manchester City,2-4,L,11:30
Premier League,ROUND 32,"April 06, 2024",Luton Town,Bournemouth,2-1,W,14:00
Premier League,ROUND 32,"April 06, 2024",Aston Villa,Brentford,3-3,D,14:00
Premier League,ROUND 32,"April 06, 2024",Everton,Burnley,1-0,W,14:00
Premier League,ROUND 32,"April 06, 2024",Fulham,Newcastle United,0-1,L,14:00
Premier League,ROUND 32,"April 06, 2024",Wolverhampton,West Ham,1-2,L,14:00
Premier League,ROUND 32,"April 06, 2024",Brighton & Hove,Arsenal,0-3,L,16:30
Premier League,ROUND 32,"April 06, 2024",Man United,Liverpool,2-2,D,14:30
Premier League,ROUND 32,"April 06, 2024",Sheffield United,Chelsea,2-2,D,16:30
Premier League,ROUND 32,"April 06, 2024",Tottenham,Nottingham,3-1,W,17:00
Premier League,ROUND 31,"April 02, 2024",Newcastle United,Everton,1-1,D,18:30
Premier League,ROUND 31,"April 02, 2024",Nottingham,Fulham,3-1,W,18:30
Premier League,ROUND 31,"April 02, 2024",Burnley,Wolverhampton,1-1,D,18:45
Premier League,ROUND 31,"April 02, 2024",Bournemouth,Crystal Palace,1-0,W,18:45
Premier League,ROUND 31,"April 02, 2024",West Ham,Tottenham,1-1,D,19:15
Premier League,ROUND 31,"April 02, 2024",Brentford,Brighton & Hove,0-0,D,18:30
Premier League,ROUND 31,"April 02, 2024",Arsenal,Luton Town,2-0,W,18:30
Premier League,ROUND 31,"April 02, 2024",Manchester City,Aston Villa,4-1,W,19:15
Premier League,ROUND 31,"April 02, 2024",Liverpool,Sheffield United,3-1,W,18:30
Premier League,ROUND 31,"April 02, 2024",Chelsea,Man United,4-3,W,19:15
Premier League,,"March 30, 2024",Newcastle United,West Ham,4-3,W,12:30
Premier League,,"March 30, 2024",Chelsea,Burnley,2-2,D,15:00
Premier League,,"March 30, 2024",Nottingham,Crystal Palace,1-1,D,15:00
Premier League,,"March 30, 2024",Bournemouth,Everton,2-1,W,15:00
Premier League,,"March 30, 2024",Sheffield United,Fulham,3-3,D,15:00
Premier League,,"March 30, 2024",Tottenham,Luton Town,2-1,W,15:00
Premier League,,"March 30, 2024",Aston Villa,Wolverhampton,2-0,W,17:30
Premier League,,"March 30, 2024",Brentford,Man United,1-1,D,20:00
Premier League,,"March 30, 2024",Liverpool,Brighton & Hove,2-1,W,13:00
Premier League,,"March 30, 2024",Manchester City,Arsenal,0-0,D,15:30
Premier League,ROUND 29,"March 16, 2024",Burnley,Brentford,2-1,W,15:00
Premier League,ROUND 29,"March 16, 2024",Luton Town,Nottingham,1-1,D,15:00
Premier League,ROUND 29,"March 16, 2024",Fulham,Tottenham,3-0,W,17:30
Premier League,ROUND 29,"March 16, 2024",West Ham,Aston Villa,1-1,D,14:00
Premier League,ROUND 29,"March 16, 2024",Arsenal,Chelsea,5-0,W,20:00
Premier League,ROUND 29,"March 16, 2024",Wolverhampton,Bournemouth,0-1,L,19:45
Premier League,ROUND 29,"March 16, 2024",Everton,Liverpool,2-0,W,20:00
Premier League,ROUND 29,"March 16, 2024",Crystal Palace,Newcastle United,2-0,W,20:00
Premier League,ROUND 29,"March 16, 2024",Man United,Sheffield United,4-2,W,20:00
Premier League,ROUND 29,"March 16, 2024",Brighton & Hove,Manchester City,0-4,L,20:00
Premier League,,"March 09, 2024",Man United,Everton,2-0,W,13:30
Premier League,,"March 09, 2024",Wolverhampton,Fulham,2-1,W,16:00
Premier League,,"March 09, 2024",Crystal Palace,Luton Town,1-1,D,16:00
Premier League,,"March 09, 2024",Bournemouth,Sheffield United,2-2,D,16:00
Premier League,,"March 09, 2024",Arsenal,Brentford,2-1,W,18:30
Premier League,,"March 09, 2024",Aston Villa,Tottenham,0-4,L,13:00
Premier League,,"March 09, 2024",West Ham,Burnley,2-2,D,14:00
Premier League,,"March 09, 2024",Brighton & Hove,Nottingham,1-0,W,14:00
Premier League,,"March 09, 2024",Liverpool,Manchester City,1-1,D,15:45
Premier League,,"March 09, 2024",Chelsea,Newcastle United,3-2,W,20:00
Premier League,,"March 02, 2024",Fulham,Brighton & Hove,3-0,W,16:00
Premier League,,"March 02, 2024",Brentford,Chelsea,2-2,D,16:00
Premier League,,"March 02, 2024",Tottenham,Crystal Palace,3-1,W,16:00
Premier League,,"March 02, 2024",Nottingham,Liverpool,0-1,L,16:00
Premier League,,"March 02, 2024",Everton,West Ham,1-3,L,16:00
Premier League,,"March 02, 2024",Newcastle United,Wolverhampton,3-0,W,16:00
Premier League,,"March 02, 2024",Luton Town,Aston Villa,2-3,L,18:30
Premier League,,"March 02, 2024",Burnley,Bournemouth,0-2,L,14:00
Premier League,,"March 02, 2024",Manchester City,Man United,3-1,W,16:30
Premier League,,"March 02, 2024",Sheffield United,Arsenal,0-6,L,21:00
Premier League,ROUND 26,"February 21, 2024",Liverpool,Luton Town,4-1,W,20:30
Premier League,ROUND 26,"February 21, 2024",Crystal Palace,Burnley,3-0,W,16:00
Premier League,ROUND 26,"February 21, 2024",Brighton & Hove,Everton,1-1,D,16:00
Premier League,ROUND 26,"February 21, 2024",Man United,Fulham,1-2,L,16:00
Premier League,ROUND 26,"February 21, 2024",Aston Villa,Nottingham,4-2,W,16:00
Premier League,ROUND 26,"February 21, 2024",Bournemouth,Manchester City,0-1,L,18:30
Premier League,ROUND 26,"February 21, 2024",Arsenal,Newcastle United,4-1,W,21:00
Premier League,ROUND 26,"February 21, 2024",Wolverhampton,Sheffield United,1-0,W,14:30
Premier League,ROUND 26,"February 21, 2024",West Ham,Brentford,4-2,W,21:00
Premier League,ROUND 26,"February 21, 2024",Chelsea,Tottenham,2-0,W,19:30
Premier League,,"February 17, 2024",Brentford,Liverpool,1-4,L,13:30
Premier League,,"February 17, 2024",Newcastle United,Bournemouth,2-2,D,16:00
Premier League,,"February 17, 2024",Burnley,Arsenal,0-5,L,16:00
Premier League,,"February 17, 2024",Fulham,Aston Villa,1-2,L,16:00
Premier League,,"February 17, 2024",Nottingham,West Ham,2-0,W,16:00
Premier League,,"February 17, 2024",Tottenham,Wolverhampton,1-2,L,16:00
Premier League,,"February 17, 2024",Manchester City,Chelsea,1-1,D,18:30
Premier League,,"February 17, 2024",Sheffield United,Brighton & Hove,0-5,L,15:00
Premier League,,"February 17, 2024",Luton Town,Man United,1-2,L,17:30
Premier League,,"February 17, 2024",Everton,Crystal Palace,1-1,D,21:00
Premier League,ROUND 24,"February 10, 2024",Manchester City,Everton,2-0,W,13:30
Premier League,ROUND 24,"February 10, 2024",Fulham,Bournemouth,3-1,W,16:00
Premier League,ROUND 24,"February 10, 2024",Wolverhampton,Brentford,0-2,L,16:00
Premier League,ROUND 24,"February 10, 2024",Tottenham,Brighton & Hove,2-1,W,16:00
Premier League,ROUND 24,"February 10, 2024",Liverpool,Burnley,3-1,W,16:00
Premier League,ROUND 24,"February 10, 2024",Luton Town,Sheffield United,1-3,L,16:00
Premier League,ROUND 24,"February 10, 2024",Nottingham,Newcastle United,2-3,L,18:30
Premier League,ROUND 24,"February 10, 2024",West Ham,Arsenal,0-6,L,15:00
Premier League,ROUND 24,"February 10, 2024",Aston Villa,Man United,1-2,L,17:30
Premier League,ROUND 24,"February 10, 2024",Crystal Palace,Chelsea,1-3,L,21:00
Premier League,,"February 03, 2024",Everton,Tottenham,2-2,D,13:30
Premier League,,"February 03, 2024",Brighton & Hove,Crystal Palace,4-1,W,16:00
Premier League,,"February 03, 2024",Burnley,Fulham,2-2,D,16:00
Premier League,,"February 03, 2024",Newcastle United,Luton Town,4-4,D,16:00
Premier League,,"February 03, 2024",Sheffield United,Aston Villa,0-5,L,18:30
Premier League,,"February 03, 2024",Bournemouth,Nottingham,1-1,D,15:00
Premier League,,"February 03, 2024",Man United,West Ham,3-0,W,15:00
Premier League,,"February 03, 2024",Chelsea,Wolverhampton,2-4,L,15:00
Premier League,,"February 03, 2024",Arsenal,Liverpool,3-1,W,17:30
Premier League,,"February 03, 2024",Brentford,Manchester City,1-3,L,21:00
Premier League,ROUND 22,"January 30, 2024",Nottingham,Arsenal,1-2,L,20:30
Premier League,ROUND 22,"January 30, 2024",Luton Town,Brighton & Hove,4-0,W,20:45
Premier League,ROUND 22,"January 30, 2024",Fulham,Everton,0-0,D,20:45
Premier League,ROUND 22,"January 30, 2024",Crystal Palace,Sheffield United,3-2,W,21:00
Premier League,ROUND 22,"January 30, 2024",Aston Villa,Newcastle United,1-3,L,21:15
Premier League,ROUND 22,"January 30, 2024",Tottenham,Brentford,3-2,W,20:30
Premier League,ROUND 22,"January 30, 2024",Manchester City,Burnley,3-1,W,20:30
Premier League,ROUND 22,"January 30, 2024",Liverpool,Chelsea,4-1,W,21:15
Premier League,ROUND 22,"January 30, 2024",West Ham,Bournemouth,1-1,D,20:30
Premier League,ROUND 22,"January 30, 2024",Wolverhampton,Man United,3-4,L,21:15
Premier League,,"January 12, 2024",Burnley,Luton Town,1-1,D,20:45
Premier League,,"January 12, 2024",Chelsea,Fulham,1-0,W,13:30
Premier League,,"January 12, 2024",Newcastle United,Manchester City,2-3,L,18:30
Premier League,,"January 12, 2024",Everton,Aston Villa,0-0,D,15:00
Premier League,,"January 12, 2024",Man United,Tottenham,2-2,D,17:30
Premier League,,"January 12, 2024",Arsenal,Crystal Palace,5-0,W,13:30
Premier League,,"January 12, 2024",Brentford,Nottingham,3-2,W,18:30
Premier League,,"January 12, 2024",Sheffield United,West Ham,2-2,D,15:00
Premier League,,"January 12, 2024",Bournemouth,Liverpool,0-4,L,17:30
Premier League,,"January 12, 2024",Brighton & Hove,Wolverhampton,0-0,D,20:45
Premier League,ROUND 20,"December 30, 2023",Luton Town,Chelsea,2-3,L,13:30
Premier League,ROUND 20,"December 30, 2023",Crystal Palace,Brentford,3-1,W,16:00
Premier League,ROUND 20,"December 30, 2023",Aston Villa,Burnley,3-2,W,16:00
Premier League,ROUND 20,"December 30, 2023",Wolverhampton,Everton,3-0,W,16:00
Premier League,ROUND 20,"December 30, 2023",Manchester City,Sheffield United,2-0,W,16:00
Premier League,ROUND 20,"December 30, 2023",Nottingham,Man United,2-1,W,18:30
Premier League,ROUND 20,"December 30, 2023",Tottenham,Bournemouth,3-1,W,15:00
Premier League,ROUND 20,"December 30, 2023",Fulham,Arsenal,2-1,W,15:00
Premier League,ROUND 20,"December 30, 2023",Liverpool,Newcastle United,4-2,W,21:00
Premier League,ROUND 20,"December 30, 2023",West Ham,Brighton & Hove,0-0,D,20:30
Premier League,,"December 26, 2023",Newcastle United,Nottingham,1-3,L,13:30
Premier League,,"December 26, 2023",Bournemouth,Fulham,3-0,W,16:00
Premier League,,"December 26, 2023",Sheffield United,Luton Town,2-3,L,16:00
Premier League,,"December 26, 2023",Burnley,Liverpool,0-2,L,18:30
Premier League,,"December 26, 2023",Man United,Aston Villa,3-2,W,21:00
Premier League,,"December 26, 2023",Brentford,Wolverhampton,1-4,L,20:30
Premier League,,"December 26, 2023",Chelsea,Crystal Palace,2-1,W,20:30
Premier League,,"December 26, 2023",Everton,Manchester City,1-3,L,21:15
Premier League,,"December 26, 2023",Brighton & Hove,Tottenham,4-2,W,20:30
Premier League,,"December 26, 2023",Arsenal,West Ham,0-2,L,21:15
Premier League,,"December 21, 2023",Crystal Palace,Brighton & Hove,1-1,D,21:00
Premier League,,"December 21, 2023",Aston Villa,Sheffield United,1-1,D,21:00
Premier League,,"December 21, 2023",West Ham,Man United,2-0,W,13:30
Premier League,,"December 21, 2023",Fulham,Burnley,0-2,L,16:00
Premier League,,"December 21, 2023",Luton Town,Newcastle United,1-0,W,16:00
Premier League,,"December 21, 2023",Nottingham,Bournemouth,2-3,L,16:00
Premier League,,"December 21, 2023",Tottenham,Everton,2-1,W,16:00
Premier League,,"December 21, 2023",Liverpool,Arsenal,1-1,D,18:30
Premier League,,"December 21, 2023",Wolverhampton,Chelsea,2-1,W,14:00
Premier League,,"December 21, 2023",Manchester City,Brentford,1-0,W,20:30
Premier League,ROUND 17,"December 15, 2023",Nottingham,Tottenham,0-2,L,21:00
Premier League,ROUND 17,"December 15, 2023",Chelsea,Sheffield United,2-0,W,16:00
Premier League,ROUND 17,"December 15, 2023",Manchester City,Crystal Palace,2-2,D,16:00
Premier League,ROUND 17,"December 15, 2023",Newcastle United,Fulham,3-0,W,16:00
Premier League,ROUND 17,"December 15, 2023",Burnley,Everton,0-2,L,18:30
Premier League,ROUND 17,"December 15, 2023",Arsenal,Brighton & Hove,2-0,W,15:00
Premier League,ROUND 17,"December 15, 2023",Brentford,Aston Villa,1-2,L,15:00
Premier League,ROUND 17,"December 15, 2023",West Ham,Wolverhampton,3-0,W,15:00
Premier League,ROUND 17,"December 15, 2023",Liverpool,Man United,0-0,D,17:30
Premier League,ROUND 17,"December 15, 2023",Bournemouth,Luton Town,4-3,W,19:30
Premier League,ROUND 16,"December 09, 2023",Crystal Palace,Liverpool,1-2,L,13:30
Premier League,ROUND 16,"December 09, 2023",Brighton & Hove,Burnley,1-1,D,16:00
Premier League,ROUND 16,"December 09, 2023",Man United,Bournemouth,0-3,L,16:00
Premier League,ROUND 16,"December 09, 2023",Sheffield United,Brentford,1-0,W,16:00
Premier League,ROUND 16,"December 09, 2023",Wolverhampton,Nottingham,1-1,D,16:00
Premier League,ROUND 16,"December 09, 2023",Aston Villa,Arsenal,1-0,W,18:30
Premier League,ROUND 16,"December 09, 2023",Everton,Chelsea,2-0,W,15:00
Premier League,ROUND 16,"December 09, 2023",Fulham,West Ham,5-0,W,15:00
Premier League,ROUND 16,"December 09, 2023",Luton Town,Manchester City,1-2,L,15:00
Premier League,ROUND 16,"December 09, 2023",Tottenham,Newcastle United,4-1,W,17:30
Premier League,,"December 05, 2023",Wolverhampton,Burnley,1-0,W,20:30
Premier League,,"December 05, 2023",Luton Town,Arsenal,3-4,L,21:15
Premier League,,"December 05, 2023",Brighton & Hove,Brentford,2-1,W,20:30
Premier League,,"December 05, 2023",Fulham,Nottingham,5-0,W,20:30
Premier League,,"December 05, 2023",Sheffield United,Liverpool,0-2,L,20:30
Premier League,,"December 05, 2023",Crystal Palace,Bournemouth,0-2,L,20:30
Premier League,,"December 05, 2023",Aston Villa,Manchester City,1-0,W,21:15
Premier League,,"December 05, 2023",Man United,Chelsea,2-1,W,21:15
Premier League,,"December 05, 2023",Everton,Newcastle United,3-0,W,20:30
Premier League,,"December 05, 2023",Tottenham,West Ham,1-2,L,21:15
Premier League,ROUND 14,"December 02, 2023",Arsenal,Wolverhampton,2-1,W,16:00
Premier League,ROUND 14,"December 02, 2023",Brentford,Luton Town,3-1,W,16:00
Premier League,ROUND 14,"December 02, 2023",Burnley,Sheffield United,5-0,W,16:00
Premier League,ROUND 14,"December 02, 2023",Nottingham,Everton,0-1,L,18:30
Premier League,ROUND 14,"December 02, 2023",Newcastle United,Man United,1-0,W,21:00
Premier League,ROUND 14,"December 02, 2023",Bournemouth,Aston Villa,2-2,D,15:00
Premier League,ROUND 14,"December 02, 2023",Chelsea,Brighton & Hove,3-2,W,15:00
Premier League,ROUND 14,"December 02, 2023",Liverpool,Fulham,4-3,W,15:00
Premier League,ROUND 14,"December 02, 2023",West Ham,Crystal Palace,1-1,D,15:00
Premier League,ROUND 14,"December 02, 2023",Manchester City,Tottenham,3-3,D,17:30
Premier League,,"November 25, 2023",Manchester City,Liverpool,1-1,D,13:30
Premier League,,"November 25, 2023",Burnley,West Ham,1-2,L,16:00
Premier League,,"November 25, 2023",Luton Town,Crystal Palace,2-1,W,16:00
Premier League,,"November 25, 2023",Newcastle United,Chelsea,4-1,W,16:00
Premier League,,"November 25, 2023",Nottingham,Brighton & Hove,2-3,L,16:00
Premier League,,"November 25, 2023",Sheffield United,Bournemouth,1-3,L,16:00
Premier League,,"November 25, 2023",Brentford,Arsenal,0-1,L,18:30
Premier League,,"November 25, 2023",Tottenham,Aston Villa,1-2,L,15:00
Premier League,,"November 25, 2023",Everton,Man United,0-3,L,17:30
Premier League,,"November 25, 2023",Fulham,Wolverhampton,3-2,W,21:00
Premier League,,"November 11, 2023",Wolverhampton,Tottenham,2-1,W,13:30
Premier League,,"November 11, 2023",Arsenal,Burnley,3-1,W,16:00
Premier League,,"November 11, 2023",Crystal Palace,Everton,2-3,L,16:00
Premier League,,"November 11, 2023",Man United,Luton Town,1-0,W,16:00
Premier League,,"November 11, 2023",Bournemouth,Newcastle United,2-0,W,18:30
Premier League,,"November 11, 2023",Aston Villa,Fulham,3-1,W,15:00
Premier League,,"November 11, 2023",Brighton & Hove,Sheffield United,1-1,D,15:00
Premier League,,"November 11, 2023",Liverpool,Brentford,3-0,W,15:00
Premier League,,"November 11, 2023",West Ham,Nottingham,3-2,W,15:00
Premier League,,"November 11, 2023",Chelsea,Manchester City,4-4,D,17:30
Premier League,ROUND 11,"November 04, 2023",Fulham,Man United,0-1,L,13:30
Premier League,ROUND 11,"November 04, 2023",Brentford,West Ham,3-2,W,16:00
Premier League,ROUND 11,"November 04, 2023",Burnley,Crystal Palace,0-2,L,16:00
Premier League,ROUND 11,"November 04, 2023",Everton,Brighton & Hove,1-1,D,16:00
Premier League,ROUND 11,"November 04, 2023",Manchester City,Bournemouth,6-1,W,16:00
Premier League,ROUND 11,"November 04, 2023",Sheffield United,Wolverhampton,2-1,W,16:00
Premier League,ROUND 11,"November 04, 2023",Newcastle United,Arsenal,1-0,W,18:30
Premier League,ROUND 11,"November 04, 2023",Nottingham,Aston Villa,2-0,W,15:00
Premier League,ROUND 11,"November 04, 2023",Luton Town,Liverpool,1-1,D,17:30
Premier League,ROUND 11,"November 04, 2023",Tottenham,Chelsea,1-4,L,21:00
Premier League,ROUND 10,"October 27, 2023",Crystal Palace,Tottenham,1-2,L,20:00
Premier League,ROUND 10,"October 27, 2023",Chelsea,Brentford,0-2,L,12:30
Premier League,ROUND 10,"October 27, 2023",Bournemouth,Burnley,2-1,W,15:00
Premier League,ROUND 10,"October 27, 2023",Arsenal,Sheffield United,5-0,W,15:00
Premier League,ROUND 10,"October 27, 2023",Wolverhampton,Newcastle United,2-2,D,17:30
Premier League,ROUND 10,"October 27, 2023",West Ham,Everton,0-1,L,14:00
Premier League,ROUND 10,"October 27, 2023",Aston Villa,Luton Town,3-1,W,15:00
Premier League,ROUND 10,"October 27, 2023",Brighton & Hove,Fulham,1-1,D,15:00
Premier League,ROUND 10,"October 27, 2023",Liverpool,Nottingham,3-0,W,15:00
Premier League,ROUND 10,"October 27, 2023",Man United,Manchester City,0-3,L,16:30
Premier League,,"October 21, 2023",Liverpool,Everton,2-0,W,11:30
Premier League,,"October 21, 2023",Bournemouth,Wolverhampton,1-2,L,15:00
Premier League,,"October 21, 2023",Brentford,Burnley,3-0,W,15:00
Premier League,,"October 21, 2023",Manchester City,Brighton & Hove,2-1,W,15:00
Premier League,,"October 21, 2023",Newcastle United,Crystal Palace,4-0,W,15:00
Premier League,,"October 21, 2023",Nottingham,Luton Town,2-2,D,15:00
Premier League,,"October 21, 2023",Chelsea,Arsenal,2-2,D,17:30
Premier League,,"October 21, 2023",Sheffield United,Man United,1-2,L,20:00
Premier League,,"October 21, 2023",Aston Villa,West Ham,4-1,W,16:30
Premier League,,"October 21, 2023",Tottenham,Fulham,2-0,W,20:00
Premier League,ROUND 8,"October 07, 2023",Luton Town,Tottenham,0-1,L,12:30
Premier League,ROUND 8,"October 07, 2023",Burnley,Chelsea,1-4,L,15:00
Premier League,ROUND 8,"October 07, 2023",Everton,Bournemouth,3-0,W,15:00
Premier League,ROUND 8,"October 07, 2023",Fulham,Sheffield United,3-1,W,15:00
Premier League,ROUND 8,"October 07, 2023",Man United,Brentford,2-1,W,15:00
Premier League,ROUND 8,"October 07, 2023",Crystal Palace,Nottingham,0-0,D,17:30
Premier League,ROUND 8,"October 07, 2023",Brighton & Hove,Liverpool,2-2,D,14:00
Premier League,ROUND 8,"October 07, 2023",West Ham,Newcastle United,2-2,D,14:00
Premier League,ROUND 8,"October 07, 2023",Wolverhampton,Aston Villa,1-1,D,14:00
Premier League,ROUND 8,"October 07, 2023",Arsenal,Manchester City,1-0,W,16:30
Premier League,ROUND 7,"September 30, 2023",Aston Villa,Brighton & Hove,6-1,W,12:30
Premier League,ROUND 7,"September 30, 2023",Bournemouth,Arsenal,0-4,L,15:00
Premier League,ROUND 7,"September 30, 2023",Everton,Luton Town,1-2,L,15:00
Premier League,ROUND 7,"September 30, 2023",Man United,Crystal Palace,0-1,L,15:00
Premier League,ROUND 7,"September 30, 2023",Newcastle United,Burnley,2-0,W,15:00
Premier League,ROUND 7,"September 30, 2023",West Ham,Sheffield United,2-0,W,15:00
Premier League,ROUND 7,"September 30, 2023",Wolverhampton,Manchester City,2-1,W,15:00
Premier League,ROUND 7,"September 30, 2023",Tottenham,Liverpool,2-1,W,17:30
Premier League,ROUND 7,"September 30, 2023",Nottingham,Brentford,1-1,D,14:00
Premier League,ROUND 7,"September 30, 2023",Fulham,Chelsea,0-2,L,20:00
Premier League,ROUND 6,"September 23, 2023",Crystal Palace,Fulham,0-0,D,15:00
Premier League,ROUND 6,"September 23, 2023",Luton Town,Wolverhampton,1-1,D,15:00
Premier League,ROUND 6,"September 23, 2023",Manchester City,Nottingham,2-0,W,15:00
Premier League,ROUND 6,"September 23, 2023",Brentford,Everton,1-3,L,17:30
Premier League,ROUND 6,"September 23, 2023",Burnley,Man United,0-1,L,20:00
Premier League,ROUND 6,"September 23, 2023",Arsenal,Tottenham,2-2,D,14:00
Premier League,ROUND 6,"September 23, 2023",Brighton & Hove,Bournemouth,3-1,W,14:00
Premier League,ROUND 6,"September 23, 2023",Liverpool,West Ham,3-1,W,14:00
Premier League,ROUND 6,"September 23, 2023",Chelsea,Aston Villa,0-1,L,15:00
Premier League,ROUND 6,"September 23, 2023",Sheffield United,Newcastle United,0-8,L,17:30
Premier League,ROUND 5,"September 16, 2023",Wolverhampton,Liverpool,1-3,L,12:30
Premier League,ROUND 5,"September 16, 2023",Aston Villa,Crystal Palace,3-1,W,15:00
Premier League,ROUND 5,"September 16, 2023",Fulham,Luton Town,1-0,W,15:00
Premier League,ROUND 5,"September 16, 2023",Man United,Brighton & Hove,1-3,L,15:00
Premier League,ROUND 5,"September 16, 2023",Tottenham,Sheffield United,2-1,W,15:00
Premier League,ROUND 5,"September 16, 2023",West Ham,Manchester City,1-3,L,15:00
Premier League,ROUND 5,"September 16, 2023",Newcastle United,Brentford,1-0,W,17:30
Premier League,ROUND 5,"September 16, 2023",Bournemouth,Chelsea,0-0,D,14:00
Premier League,ROUND 5,"September 16, 2023",Everton,Arsenal,0-1,L,16:30
Premier League,ROUND 5,"September 16, 2023",Nottingham,Burnley,1-1,D,19:45
Premier League,ROUND 4,"September 01, 2023",Luton Town,West Ham,1-2,L,20:00
Premier League,ROUND 4,"September 01, 2023",Sheffield United,Everton,2-2,D,12:30
Premier League,ROUND 4,"September 01, 2023",Brentford,Bournemouth,2-2,D,15:00
Premier League,ROUND 4,"September 01, 2023",Burnley,Tottenham,2-5,L,15:00
Premier League,ROUND 4,"September 01, 2023",Chelsea,Nottingham,0-1,L,15:00
Premier League,ROUND 4,"September 01, 2023",Manchester City,Fulham,5-1,W,15:00
Premier League,ROUND 4,"September 01, 2023",Brighton & Hove,Newcastle United,3-1,W,17:30
Premier League,ROUND 4,"September 01, 2023",Crystal Palace,Wolverhampton,3-2,W,14:00
Premier League,ROUND 4,"September 01, 2023",Liverpool,Aston Villa,3-0,W,14:00
Premier League,ROUND 4,"September 01, 2023",Arsenal,Man United,3-1,W,16:30
Premier League,ROUND 3,"August 25, 2023",Chelsea,Luton Town,3-0,W,20:00
Premier League,ROUND 3,"August 25, 2023",Bournemouth,Tottenham,0-2,L,12:30
Premier League,ROUND 3,"August 25, 2023",Arsenal,Fulham,2-2,D,15:00
Premier League,ROUND 3,"August 25, 2023",Brentford,Crystal Palace,1-1,D,15:00
Premier League,ROUND 3,"August 25, 2023",Everton,Wolverhampton,0-1,L,15:00
Premier League,ROUND 3,"August 25, 2023",Man United,Nottingham,3-2,W,15:00
Premier League,ROUND 3,"August 25, 2023",Brighton & Hove,West Ham,1-3,L,17:30
Premier League,ROUND 3,"August 25, 2023",Burnley,Aston Villa,1-3,L,14:00
Premier League,ROUND 3,"August 25, 2023",Sheffield United,Manchester City,1-2,L,14:00
Premier League,ROUND 3,"August 25, 2023",Newcastle United,Liverpool,1-2,L,16:30
Premier League,,"August 18, 2023",Nottingham,Sheffield United,2-1,W,19:45
Premier League,,"August 18, 2023",Fulham,Brentford,0-3,L,15:00
Premier League,,"August 18, 2023",Liverpool,Bournemouth,3-1,W,15:00
Premier League,,"August 18, 2023",Wolverhampton,Brighton & Hove,1-4,L,15:00
Premier League,,"August 18, 2023",Tottenham,Man United,2-0,W,17:30
Premier League,,"August 18, 2023",Manchester City,Newcastle United,1-0,W,20:00
Premier League,,"August 18, 2023",Aston Villa,Everton,4-0,W,14:00
Premier League,,"August 18, 2023",West Ham,Chelsea,3-1,W,16:30
Premier League,,"August 18, 2023",Crystal Palace,Arsenal,0-1,L,20:00
Premier League,,"August 18, 2023",Luton Town,Burnley,1-2,L,19:30
Premier League,ROUND 1,"August 11, 2023",Burnley,Manchester City,0-3,L,20:00
Premier League,ROUND 1,"August 11, 2023",Arsenal,Nottingham,2-1,W,13:00
Premier League,ROUND 1,"August 11, 2023",Bournemouth,West Ham,1-1,D,15:00
Premier League,ROUND 1,"August 11, 2023",Brighton & Hove,Luton Town,4-1,W,15:00
Premier League,ROUND 1,"August 11, 2023",Everton,Fulham,0-1,L,15:00
Premier League,ROUND 1,"August 11, 2023",Sheffield United,Crystal Palace,0-1,L,15:00
Premier League,ROUND 1,"August 11, 2023",Newcastle United,Aston Villa,5-1,W,17:30
Premier League,ROUND 1,"August 11, 2023",Brentford,Tottenham,2-2,D,14:00
Premier League,ROUND 1,"August 11, 2023",Chelsea,Liverpool,1-1,D,16:30
Premier League,ROUND 1,"August 11, 2023",Man United,Wolverhampton,1-0,W,20:00
